2646 ; 214587
2647 ; 216315
2648 ; 214935
2649 ; 214635
2650 ; 213239
2651 ; 211653
2652 ; 203814
2653 ; 204941
2654 ; 204680
2655 ; 203138
2656 ; 204756
2657 ; 206305
2658 ; 204960
2659 ; 205907
2660 ; 207468
2661 ; 208962
2662 ; 210184
2663 ; 211145
2664 ; 211200
2665 ; 205965
2666 ; 201863
2667 ; 201600
2668 ; 202404
2669 ; 204074
2670 ; 205220
2671 ; 209951
2672 ; 211088
2673 ; 214292
2674 ; 214587
2675 ; 216315
2676 ; 214935
2677 ; 214635
2678 ; 213239
2679 ; 211653
2680 ; 203814
2681 ; 204941
2682 ; 204680
2683 ; 203138
2684 ; 204756
2685 ; 206305
2686 ; 204960
2687 ; 205907
2688 ; 207468
2689 ; 208962
2690 ; 210184
2691 ; 211145
2692 ; 211200
2693 ; 205965
2694 ; 201863
2695 ; 201600
2696 ; 202404
2697 ; 204074
2698 ; 205220
2699 ; 209951
2700 ; 211088
2701 ; 214292
2702 ; 214587
2703 ; 216315
2704 ; 214935
2705 ; 214635
2706 ; 213239
2707 ; 211653
2708 ; 203814
2709 ; 204941
2710 ; 204680
2711 ; 203138
2712 ; 204756
2713 ; 206305
